node,age_Ma,basis,source_expr,families_anchored_here,n_species,reviewer_suggested_age,reviewer_notes
Eukaryotes,2132,cited: see backbone.py,STR21,,0,,
Amorphea,1938,cited: see backbone.py,STR21,,0,,
Opisthokonta,1359,cited: see backbone.py,STR21,,0,,
Fungi,806,cited: see backbone.py,STR21,,0,,
Mucoromycota + Dikarya,700,cited: see backbone.py,"""T. James (U Michigan), pers. comm. 2026-09-22: ~700 from the literature; Szantho et al. 2025 Nat Ecol Evol give 701-1114 for the LCA""","Rhizopodaceae, Mucoraceae",4,,
Dikarya,646,cited: see backbone.py,STR21,,0,,
Basidiomycota,452,cited: see backbone.py,STR21,Ustilaginaceae,1,,
Animals,688,cited: see backbone.py,STR21,,0,,
Cnidaria + Bilateria,651,cited: see backbone.py,STR21,,0,,
Cnidaria,620,"mine, approximate","APPROX + "" (Anthozoa vs Medusozoa; Park et al. 2012 give 741, above the STR21 stem)""","Actiniidae, Rhizostomatidae, Stomolophidae",5,,
Bilateria,616,cited: see backbone.py,STR21,,0,,
Protostomes,592,cited: see backbone.py,STR21,,0,,
Ecdysozoa,585,"mine, approximate",APPROX,,0,,
Arthropoda,555,"mine, approximate","APPROX + "" (cf. Lozano-Fernandez et al. 2016)""",,0,,
Chelicerata,480,"mine, approximate",APPROX,Limulidae,2,,
Arachnida,450,"mine, approximate",APPROX,"Theraphosidae, Scorpionidae",2,,
Mandibulata,545,"mine, approximate",APPROX,Scolopendridae,1,,
Pancrustacea,520,"mine, approximate","APPROX + "" (cf. Misof et al. 2014)""",,0,,
Multicrustacea,510,"mine, approximate",APPROX,,0,,
Cirripedia,193,cited: see backbone.py,"TT5 + "" barnacle crown 193; my prior guess 300""","Balanidae, Pollicipedidae, Lepadidae",4,,
Malacostraca,490,"mine, approximate","APPROX + "" (Wolfe et al. 2019 stomatopod/decapod split 466-480)""",Squillidae,3,,
Eumalacostraca,480,"mine, approximate",APPROX,Mysidae,1,,
Eucarida,470,"mine, approximate",APPROX,Euphausiidae,2,,
Decapoda,465,cited: see backbone.py,"WOLFE19 + "" 465 (CIR 455)""",,0,,
Dendrobranchiata,349,cited: see backbone.py,"WOLFE19 + "" 349 (CIR 361)""","Penaeidae, Aristeidae, Solenoceridae, Sergestidae",17,,
Pleocyemata,461,cited: see backbone.py,"WOLFE19 + "" 461 (CIR 454)""",,0,,
Caridea,415,cited: see backbone.py,"WOLFE19 + "" 415 (CIR 432)""","Palaemonidae, Pandalidae, Crangonidae",10,,
Reptantia,402,cited: see backbone.py,"WOLFE19 + "" 402 (CIR 393)""",,0,,
Achelata,250,cited: see backbone.py,"WOLFE19 + "" 250 (CIR 254)""",Scyllaridae,3,,
Palinuridae,110,cited: see backbone.py,"WOLFE19 + "" Panulirus vs Palinurus 110 (CIR 167)""",Palinuridae,9,,
Astacidea,223,cited: see backbone.py,"WOLFE19 + "" 223 (CIR 322; models disagree)""",Nephropidae,4,,
Crayfish (Astacoidea + Parastacoidea),149,cited: see backbone.py,"WOLFE19 + "" Procambarus vs Cherax 149 (CIR 241)""","Astacidae, Cambaridae, Parastacidae",8,,
Meiura,322,cited: see backbone.py,"WOLFE19 + "" 322 (CIR 329)""",,0,,
Anomura,197,cited: see backbone.py,"WOLFE19 + "" 197 (CIR 206)""","Lithodidae, Munididae",6,,
Brachyura,183,cited: see backbone.py,"WOLFE19 + "" 183 (CIR 162)""",Raninidae,1,,
Eubrachyura,102,cited: see backbone.py,"WOLFE19 + "" 102 (CIR 118)""","Portunidae, Cancridae, Carcinidae, Polybiidae, Ovalipidae, Cheiragonidae, Majidae, Menippidae, Geryonidae, Oregoniidae, Varunidae, Gecarcinidae, Ucididae",25,,
Hexapoda,479,cited: see backbone.py,"MISOF14 + "" origin of insects ~479 (Early Ordovician)"" + WARE26 + "" ~523""",,0,,
Insecta,441,cited: see backbone.py,"MISOF14 + "" Archaeognatha split ~441"" + WARE26 + "" ~523""",,0,,
Pterygota,406,cited: see backbone.py,"MISOF14 + "" insect flight ~406 (Early Devonian); Thomas et al. 2013 Syst Biol 62:285 give 385"" + WARE26 + "" ~470s""",,0,,
Neoptera,383,cited: see backbone.py,"WANG16 + "" Neoptera ~383"" + WARE26 + "" ~475""",,0,,
Polyneoptera,350,"mine, approximate","APPROX + "" (Termitidae joins here; Bourguignon et al. 2015 MBE 32:406 date Termitidae vs Coptotermitinae+Heterotermitinae ~67, crown Termitidae ~54)"" + WARE26 +",Termitidae,2,,
Orthoptera,300,"mine, approximate","APPROX + "" (cf. Song et al. 2015)""",,0,,
Ensifera,268,cited: see backbone.py,"SONG15 + "" Gryllidae vs Tettigoniidae ~268""","Gryllidae, Tettigoniidae",5,,
Acrididae + Pyrgomorphidae,140,cited: see backbone.py,"SONG15 + "" ~140""","Acrididae, Pyrgomorphidae",3,,
Eumetabola,373,cited: see backbone.py,"WANG16 + "" Eumetabola ~373""",,0,,
Hemiptera,300,"mine, approximate",APPROX,,0,,
Cicadidae,199,cited: see backbone.py,"WANG17 + "" crown Cicadidae ~199""",Cicadidae,2,,
Heteroptera,250,"mine, approximate",APPROX,,0,,
Nepomorpha,243,cited: see backbone.py,"WANG17 + "" Belostomatidae vs Corixidae ~243""","Belostomatidae, Corixidae",2,,
Pentatomoidea,100.5,cited: see backbone.py,"WANG16B + "" Pentatomidae vs Tessaratomidae ~100.5""","Pentatomidae, Tessaratomidae",2,,
Holometabola,345,cited: see backbone.py,"MISOF14 + "" major extant lineages ~345 (Mississippian)""",,0,,
Hymenoptera,281,cited: see backbone.py,"PETERS17 + "" crown Hymenoptera ~281"" + WARE26 + "" ~298""",,0,,
Aculeata,200,"mine, approximate",APPROX,,0,,
Vespidae,110,cited: see backbone.py,"BLAIMER23 + "" crown Vespidae ~110""",Vespidae,3,,
Apoidea + Formicoidea,180,"mine, approximate",APPROX,"Apidae, Formicidae",8,,
Aparaglossata,338,"mine, approximate","APPROX + "" (must sit below Holometabola 345)""",,0,,
Coleoptera,300,cited: see backbone.py,"ZHANG18 + "" crown Coleoptera ~300 (Dytiscidae joins here; its crown ~170)""",Dytiscidae,1,,
Polyphaga,260,"mine, approximate","APPROX + "" (cf. Zhang et al. 2018)""",,0,,
Cucujiformia,200,cited: see backbone.py,"ZHANG18 + "" Tenebrionidae vs Curculionidae ~200 (Curculionidae crown ~120, one genus listed)""",Curculionidae,3,,
Tenebrionidae,122,cited: see backbone.py,"ZHANG18 + "" crown Tenebrionidae ~122""",Tenebrionidae,3,,
Scarabaeidae,120,cited: see backbone.py,"ZHANG18 + "" crown Scarabaeidae ~120""",Scarabaeidae,2,,
Panorpida,320,"mine, approximate","APPROX + "" (Diptera vs Lepidoptera; must sit above Lepidoptera crown 300)""",,0,,
Diptera,240,"mine, approximate","APPROX + "" (Stratiomyidae vs Chaoboridae; family crowns ~129 Brammer & von Dohlen 2007 MPE 43:660 and ~118 Bertone et al. 2008 Syst Entomol 33:668, one species ","Stratiomyidae, Chaoboridae",2,,
Lepidoptera,300,cited: see backbone.py,"KAWA19 + "" crown Lepidoptera ~300 (Late Carboniferous)""",,0,,
Ditrysia,210,"mine, approximate",APPROX,,0,,
Cossidae,120,cited: see backbone.py,"WAHL13 + "" Cossidae ~120""",Cossidae,2,,
Obtectomera,150,"mine, approximate","APPROX + "" (Hesperiidae joins here; Wahlberg et al. 2013 give Hesperiidae ~85, one species listed)""",Hesperiidae,1,,
Bombycoidea,88,cited: see backbone.py,"WAHL13 + "" Bombycidae vs Saturniidae ~88""",Bombycidae,1,,
Saturniidae,70,cited: see backbone.py,"WAHL13 + "" Saturniidae ~70""",Saturniidae,4,,
Lophotrochozoa,564,cited: see backbone.py,STR21,Lingulidae,1,,
Annelida,520,"mine, approximate","APPROX + "" (TimeTree 5 gives 631, older than STR21 Lophotrochozoa 564; left as is)""","Eunicidae, Sipunculidae, Urechidae",3,,
Mollusca,545,"mine, approximate","APPROX + "" (Polyplacophora split; must sit above Conchifera)""",Chitonidae,2,,
Conchifera,534,cited: see backbone.py,"STR21 + "" (Lottia vs Octopus = conchiferan crown)""",,0,,
Bivalvia,485,cited: see backbone.py,"LI25 + "" crown Bivalvia ~485""",,0,,
Pteriomorphia,446,cited: see backbone.py,"LI25 + "" Pectinida vs other pteriomorphians 446 (410-474)""",Pectinidae,8,,
Ostreida + Arcida + Mytilida,421,cited: see backbone.py,"LI25 + "" Ostreida vs Mytilida 421 (384-458)""","Arcidae, Glycymerididae, Mytilidae, Ostreidae, Pinnidae, Margaritidae",19,,
Heterodonta,470,cited: see backbone.py,"LI25 + "" deep heterodont nodes 467-525""",,0,,
Imparidentia,400,"mine, approximate","APPROX + "" (between Euheterodonta 467 and the 362 node)""",,0,,
Core Imparidentia,362,cited: see backbone.py,"LI25 + "" (Myida+Venerida) vs (Galeommatida+Adapedonta+Cardiida) 362 (310-414)""",,0,,
Myida + Venerida,301,cited: see backbone.py,"LI25 + "" 301 (249-358)""","Veneridae, Mactridae, Cyrenidae, Arcticidae, Myidae, Pholadidae, Teredinidae",22,,
Adapedonta + Cardiida,300,cited: see backbone.py,"LI25 + "" ~300 (250-348)""","Cardiidae, Donacidae, Solenidae, Pharidae, Hiatellidae",10,,
Gastropoda,532,cited: see backbone.py,"ZHANG22 + "" Patellogastropoda split 532 (505-548); topology after Uribe et al. 2022 Syst Biol, Cunha & Giribet 2019 differ at the root""","Patellidae, Nacellidae",2,,
Orthogastropoda,493,cited: see backbone.py,"ZHANG22 + "" Vetigastropoda vs Caenogastropoda+relatives 493 (460-521)""",Neritidae,1,,
Vetigastropoda,370,cited: see backbone.py,"TANNER17 + "" Fig. S4 95% CI 311-432, midpoint""","Haliotidae, Fissurellidae, Trochidae, Tegulidae, Turbinidae",14,,
Apogastropoda,394,cited: see backbone.py,"TANNER17 + "" Fig. S4 95% CI 351-437, midpoint (Caenogastropoda vs Heterobranchia)""",,0,,
Caenogastropoda,260,cited: see backbone.py,"TANNER17 + "" Fig. S4 95% CI 140-310; set at 260 to sit above the TimeTree Neogastropoda crown of 239""","Ampullariidae, Viviparidae, Littorinidae, Strombidae, Potamididae, Thiaridae, Semisulcospiridae",10,,
Neogastropoda,239,cited: see backbone.py,"TT5 + "" 239; my prior guess 150""","Buccinidae, Busyconidae, Babyloniidae, Muricidae",10,,
Heterobranchia,300,"mine, approximate",APPROX,Aplysiidae,1,,
Stylommatophora,150,"mine, approximate",APPROX,"Helicidae, Achatinidae",6,,
Coleoidea,289,cited: see backbone.py,"TANNER17 + "" crown Coleoidea 289""",,0,,
Octobrachia,239,cited: see backbone.py,"TANNER17 + "" crown Octobrachia 239 (vampire squid vs octopods)""",,0,,
Incirrata,98,cited: see backbone.py,"TANNER17 + "" crown Incirrata 98""","Octopodidae, Enteroctopodidae, Eledonidae",9,,
Decabrachia,173,cited: see backbone.py,"TANNER17 + "" crown Decabrachia 173""","Sepiidae, Sepiolidae",7,,
Myopsida,100,cited: see backbone.py,"TANNER17 + "" Myopsida 100""",Loliginidae,9,,
Oegopsida,104,cited: see backbone.py,"TANNER17 + "" Oegopsida 104""","Ommastrephidae, Enoploteuthidae",8,,
Deuterostomes,599,cited: see backbone.py,STR21,,0,,
Echinodermata,500,"mine, approximate",APPROX,,0,,
Echinozoa,450,"mine, approximate",APPROX,,0,,
Echinoidea,113,cited: see backbone.py,"TT5 + "" 113; my prior guess 250""","Strongylocentrotidae, Echinometridae, Parechinidae, Toxopneustidae, Echinidae",9,,
Holothuroidea,250,"mine, approximate",APPROX,"Stichopodidae, Holothuriidae, Cucumariidae",7,,
Chordates,560,cited: see backbone.py,STR21,Branchiostomatidae,1,,
Olfactores,545,"mine, approximate",APPROX,,0,,
Tunicata,300,"mine, approximate",APPROX,"Pyuridae, Styelidae",5,,
Vertebrates,535,"mine, approximate","APPROX + "" (cyclostome/gnathostome split)""",,0,,
Cyclostomata,480,"mine, approximate",APPROX,"Petromyzontidae, Geotriidae, Myxinidae",7,,
Jawed vertebrates,458,cited: see backbone.py,IRI17,,0,,
Bony vertebrates,449,cited: see backbone.py,IRI17,,0,,
Lobe-finned fishes + tetrapods,412,cited: see backbone.py,IRI17,,0,,
Tetrapods,350,cited: see backbone.py,"IRI17 + "" (early Carboniferous; mean approx.)""",,0,,
Amniotes,325,cited: see backbone.py,STR21,,0,,
Sauropsids,280,"mine, approximate","APPROX + "" (lepidosaur/archosaur split)""",,0,,
Archosaurs + turtles,260,"mine, approximate",APPROX,,0,,
Testudines,200,"mine, approximate",APPROX,"Chelydridae, Emydidae, Trionychidae",7,,
Archosaurs,250,"mine, approximate","APPROX + "" (crocodilians vs birds)""",,0,,
Crocodylia,90,"mine, approximate",APPROX,"Alligatoridae, Crocodylidae",5,,
Diaphoretickes + Discoba,2114,cited: see backbone.py,STR21,,0,,
Discoba,1674,cited: see backbone.py,"STR21, T(""Euglena gracilis"")",,0,,
Diaphoretickes,2028,cited: see backbone.py,STR21,,0,,
SAR,1741,cited: see backbone.py,STR21,,0,,
Stramenopiles,1044,cited: see backbone.py,STR21,,0,,
Phaeophyceae,371,cited: see backbone.py,"CHOI24 + "" crown Phaeophyceae 371 (275-474); origin vs Schizocladia 449""",,0,,
Ishigeales + SSD + BACR,308,cited: see backbone.py,"CHOI24 + "" 308""",,0,,
SSD + BACR,224,cited: see backbone.py,"CHOI24 + "" 224 (177-275)""",,0,,
BACR,167,cited: see backbone.py,"CHOI24 + "" brown algal crown radiation 167 (130-206)""",,0,,
BACR II-V,142,cited: see backbone.py,"CHOI24 + "" 142""",Ralfsiaceae,1,,
Fucales,66,cited: see backbone.py,"CHOI24 + "" crown Fucales 66""","Fucaceae, Sargassaceae, Himanthaliaceae, Durvillaeaceae",9,,
BACR III-V,132,cited: see backbone.py,"CHOI24 + "" 132""",,0,,
Ectocarpales + Laminariales,103,cited: see backbone.py,"CHOI24 + "" 103""",,0,,
Ectocarpales,54,cited: see backbone.py,"CHOI24 + "" crown Ectocarpales 54""","Chordariaceae, Scytosiphonaceae",3,,
Laminariales,83,cited: see backbone.py,"CHOI24 + "" crown Laminariales 83""","Chordaceae, Laminariaceae, Alariaceae, Lessoniaceae",16,,
Archaeplastida,1925,cited: see backbone.py,STR21,,0,,
Rhodophyta,1614,cited: see backbone.py,STR21,,0,,
Bangiophyceae + Florideophyceae,1415,cited: see backbone.py,"STR21 + "" (the Kim et al. 2026 source below puts the Bangiales-Florideophyceae split at ~996; its crown hangs here)""",,0,,
Viridiplantae,1112,cited: see backbone.py,STR21,,0,,
Chlorophyta,972,cited: see backbone.py,STR21,,0,,
Core Chlorophyta (UTC),850,"mine, approximate","APPROX + "" REVIEW (raised to 850 to sit above TimeTree Trebouxiophyceae 827): Strassert node 206 (Coccomyxa vs Volvox) gives 583, but Del Cortona et al. 2020 PN",,0,,
Ulvophyceae s.s.,700,"mine, approximate","APPROX + "" (Tonian-Cryogenian origin per Del Cortona 2020 / Hou 2022)""",,0,,
Ulvales,609,cited: see backbone.py,"TT5 + "" Ulva vs Monostroma 609; consistent with Del Cortona 2020 / Hou 2022""","Ulvaceae, Monostromataceae",8,,
Bryopsidales + Chlorophyceae,750,"mine, approximate","APPROX + "" (topology per Del Cortona 2020)""",,0,,
Bryopsidales,400,"mine, approximate",APPROX,"Caulerpaceae, Codiaceae",4,,
Chlorophyceae,400,"mine, approximate",APPROX,"Haematococcaceae, Dunaliellaceae",2,,
Trebouxiophyceae,827,cited: see backbone.py,"TT5 + "" Chlorella vs Prasiola 827""","Chlorellaceae, Prasiolaceae",3,,
Streptophyta,790,cited: see backbone.py,STR21,,0,,
Land plants,534,cited: see backbone.py,STR21,,0,,
Euphyllophytes,480,cited: see backbone.py,"STR21 + "" (474; raised to 480 to sit above FTOL's fern crown of 475)""",,0,,
